elm,EA,EN,HOMO,IP,LUMO,mass,rd_max,rp_max,rs_max
In,-0.3125,1.78,-2.784,-5.5374,0.695,114.818,1.94,1.39,1.09
Ga,-0.1081,1.81,-2.732,-5.8182,0.13,69.723,2.16,1.33,0.99
Al,-0.2563,1.61,-2.697,-5.78,0.368,26.9815386,3.11,1.5,1.13
O,-0.225633333,3.44,-2.74,-5.711866667,0.397666667,15.9994,2.403333333,1.406666667,1.07